/*
 Navicat Premium Data Transfer

 Source Server         : local
 Source Server Type    : MySQL
 Source Server Version : 50714
 Source Host           : 127.0.0.1:3306
 Source Schema         : chanpan

 Target Server Type    : MySQL
 Target Server Version : 50714
 File Encoding         : 65001

 Date: 22/07/2019 14:55:36
*/

SET NAMES utf8mb4;
SET FOREIGN_KEY_CHECKS = 0;

-- ----------------------------
-- Table structure for auth_assignment
-- ----------------------------
DROP TABLE IF EXISTS `auth_assignment`;
CREATE TABLE `auth_assignment`  (
  `item_name` varchar(64) CHARACTER SET utf8 COLLATE utf8_unicode_ci NOT NULL,
  `user_id` varchar(64) CHARACTER SET utf8 COLLATE utf8_unicode_ci NOT NULL,
  `created_at` int(11) DEFAULT NULL,
  PRIMARY KEY (`item_name`, `user_id`) USING BTREE,
  INDEX `auth_assignment_user_id_idx`(`user_id`) USING BTREE,
  CONSTRAINT `auth_assignment_ibfk_1` FOREIGN KEY (`item_name`) REFERENCES `auth_item` (`name`) ON DELETE CASCADE ON UPDATE CASCADE
) ENGINE = InnoDB CHARACTER SET = utf8 COLLATE = utf8_unicode_ci ROW_FORMAT = Dynamic;

-- ----------------------------
-- Records of auth_assignment
-- ----------------------------
INSERT INTO `auth_assignment` VALUES ('admin', '1', 1535696400);
INSERT INTO `auth_assignment` VALUES ('user', '2', 1562226673);
INSERT INTO `auth_assignment` VALUES ('user', '3', 1562228852);

-- ----------------------------
-- Table structure for auth_item
-- ----------------------------
DROP TABLE IF EXISTS `auth_item`;
CREATE TABLE `auth_item`  (
  `name` varchar(64) CHARACTER SET utf8 COLLATE utf8_unicode_ci NOT NULL,
  `type` smallint(6) NOT NULL,
  `description` text CHARACTER SET utf8 COLLATE utf8_unicode_ci,
  `rule_name` varchar(64) CHARACTER SET utf8 COLLATE utf8_unicode_ci DEFAULT NULL,
  `data` blob,
  `created_at` int(11) DEFAULT NULL,
  `updated_at` int(11) DEFAULT NULL,
  PRIMARY KEY (`name`) USING BTREE,
  INDEX `rule_name`(`rule_name`) USING BTREE,
  INDEX `idx-auth_item-type`(`type`) USING BTREE,
  CONSTRAINT `auth_item_ibfk_1` FOREIGN KEY (`rule_name`) REFERENCES `auth_rule` (`name`) ON DELETE SET NULL ON UPDATE CASCADE
) ENGINE = InnoDB CHARACTER SET = utf8 COLLATE = utf8_unicode_ci ROW_FORMAT = Dynamic;

-- ----------------------------
-- Records of auth_item
-- ----------------------------
INSERT INTO `auth_item` VALUES ('/admin/*', 2, NULL, NULL, NULL, 1535696373, 1535696373);
INSERT INTO `auth_item` VALUES ('/core/*', 2, NULL, NULL, NULL, 1535699352, 1535699352);
INSERT INTO `auth_item` VALUES ('/debug/*', 2, NULL, NULL, NULL, 1562222244, 1562222244);
INSERT INTO `auth_item` VALUES ('/gii/*', 2, NULL, NULL, NULL, 1535706951, 1535706951);
INSERT INTO `auth_item` VALUES ('/informations/*', 2, NULL, NULL, NULL, 1562299552, 1562299552);
INSERT INTO `auth_item` VALUES ('/options/*', 2, NULL, NULL, NULL, 1562243863, 1562243863);
INSERT INTO `auth_item` VALUES ('/site/*', 2, NULL, NULL, NULL, 1562245386, 1562245386);
INSERT INTO `auth_item` VALUES ('/skin/*', 2, NULL, NULL, NULL, 1563731318, 1563731318);
INSERT INTO `auth_item` VALUES ('/text-editor/*', 2, NULL, NULL, NULL, 1563780854, 1563780854);
INSERT INTO `auth_item` VALUES ('/user/*', 2, NULL, NULL, NULL, 1535697098, 1535697098);
INSERT INTO `auth_item` VALUES ('/user/registration/register', 2, NULL, NULL, NULL, 1562221007, 1562221007);
INSERT INTO `auth_item` VALUES ('/user/security/logout', 2, NULL, NULL, NULL, 1562227469, 1562227469);
INSERT INTO `auth_item` VALUES ('/user/settings/account', 2, NULL, NULL, NULL, 1562226761, 1562226761);
INSERT INTO `auth_item` VALUES ('/user/settings/profile', 2, NULL, NULL, NULL, 1562226734, 1562226734);
INSERT INTO `auth_item` VALUES ('admin', 1, 'Admin', NULL, NULL, 1535696302, 1535696302);
INSERT INTO `auth_item` VALUES ('edit_about', 1, 'แก้ไขหน้าเกี่ยวกับเรา', NULL, NULL, 1563780984, 1563781037);
INSERT INTO `auth_item` VALUES ('edit_contact', 1, 'แก้ไขหน้าติดต่อเรา', NULL, NULL, 1563781003, 1563781049);
INSERT INTO `auth_item` VALUES ('edit_home', 1, 'แก้ไขหน้าหลัก', NULL, NULL, 1563780961, 1563781059);
INSERT INTO `auth_item` VALUES ('manage_information', 1, 'จัดการข่าวประชาสัมพันธ์', NULL, NULL, 1563781024, 1563781024);
INSERT INTO `auth_item` VALUES ('user', 1, 'User', NULL, NULL, 1535696315, 1535696315);

-- ----------------------------
-- Table structure for auth_item_child
-- ----------------------------
DROP TABLE IF EXISTS `auth_item_child`;
CREATE TABLE `auth_item_child`  (
  `parent` varchar(64) CHARACTER SET utf8 COLLATE utf8_unicode_ci NOT NULL,
  `child` varchar(64) CHARACTER SET utf8 COLLATE utf8_unicode_ci NOT NULL,
  PRIMARY KEY (`parent`, `child`) USING BTREE,
  INDEX `child`(`child`) USING BTREE,
  CONSTRAINT `auth_item_child_ibfk_1` FOREIGN KEY (`parent`) REFERENCES `auth_item` (`name`) ON DELETE CASCADE ON UPDATE CASCADE,
  CONSTRAINT `auth_item_child_ibfk_2` FOREIGN KEY (`child`) REFERENCES `auth_item` (`name`) ON DELETE CASCADE ON UPDATE CASCADE
) ENGINE = InnoDB CHARACTER SET = utf8 COLLATE = utf8_unicode_ci ROW_FORMAT = Dynamic;

-- ----------------------------
-- Records of auth_item_child
-- ----------------------------
INSERT INTO `auth_item_child` VALUES ('admin', '/admin/*');
INSERT INTO `auth_item_child` VALUES ('admin', '/core/*');
INSERT INTO `auth_item_child` VALUES ('admin', '/debug/*');
INSERT INTO `auth_item_child` VALUES ('admin', '/gii/*');
INSERT INTO `auth_item_child` VALUES ('user', '/informations/*');
INSERT INTO `auth_item_child` VALUES ('admin', '/options/*');
INSERT INTO `auth_item_child` VALUES ('user', '/site/*');
INSERT INTO `auth_item_child` VALUES ('admin', '/skin/*');
INSERT INTO `auth_item_child` VALUES ('admin', '/text-editor/*');
INSERT INTO `auth_item_child` VALUES ('admin', '/user/*');
INSERT INTO `auth_item_child` VALUES ('user', '/user/security/logout');
INSERT INTO `auth_item_child` VALUES ('user', '/user/settings/account');
INSERT INTO `auth_item_child` VALUES ('user', '/user/settings/profile');
INSERT INTO `auth_item_child` VALUES ('admin', 'edit_about');
INSERT INTO `auth_item_child` VALUES ('admin', 'edit_contact');
INSERT INTO `auth_item_child` VALUES ('admin', 'edit_home');
INSERT INTO `auth_item_child` VALUES ('admin', 'manage_information');
INSERT INTO `auth_item_child` VALUES ('admin', 'user');

-- ----------------------------
-- Table structure for auth_rule
-- ----------------------------
DROP TABLE IF EXISTS `auth_rule`;
CREATE TABLE `auth_rule`  (
  `name` varchar(64) CHARACTER SET utf8 COLLATE utf8_unicode_ci NOT NULL,
  `data` blob,
  `created_at` int(11) DEFAULT NULL,
  `updated_at` int(11) DEFAULT NULL,
  PRIMARY KEY (`name`) USING BTREE
) ENGINE = InnoDB CHARACTER SET = utf8 COLLATE = utf8_unicode_ci ROW_FORMAT = Dynamic;

-- ----------------------------
-- Table structure for core_options
-- ----------------------------
DROP TABLE IF EXISTS `core_options`;
CREATE TABLE `core_options`  (
  `option_name` varchar(255) CHARACTER SET utf8 COLLATE utf8_unicode_ci NOT NULL,
  `option_label` varchar(255) CHARACTER SET utf8 COLLATE utf8_unicode_ci DEFAULT NULL,
  `option_value` longtext CHARACTER SET utf8 COLLATE utf8_unicode_ci,
  PRIMARY KEY (`option_name`) USING BTREE
) ENGINE = InnoDB CHARACTER SET = utf8 COLLATE = utf8_unicode_ci ROW_FORMAT = Dynamic;

-- ----------------------------
-- Records of core_options
-- ----------------------------
INSERT INTO `core_options` VALUES ('backend_url', 'Backend Url', 'backend.dconhub.com');
INSERT INTO `core_options` VALUES ('brand_file_type', 'File Upload Brand', '[\"jpg\",\"jpeg\",\"png\",\"gif\"]');
INSERT INTO `core_options` VALUES ('brand_types', 'DropDown Brand', '{ \"1\": \"หมวดหมู่หลัก\", \"2\": \"หมวดหมู่ย่อย\"}');
INSERT INTO `core_options` VALUES ('category_types', 'DropDown Brand', '{ \"1\": \"หมวดสินค้าหลัก\", \"2\": \"หมวดสินค้าย่อย\"}');
INSERT INTO `core_options` VALUES ('cn_brand', 'แบรนด์บริษัท', 'บจก. ดํารงค์พานิช คอนสตรัคชั่น');
INSERT INTO `core_options` VALUES ('cn_brand_address', 'ที่อยู่บริษัท', '92 หมู่ที่ 21 ต.หัวขวาง อ.โกสุมพิสัย จ.มหาสารคาม');
INSERT INTO `core_options` VALUES ('cn_brand_address2', 'เบอร์โทรศัพท์', '043761599');
INSERT INTO `core_options` VALUES ('cn_condition', 'เงื่อนไขการสั่งซื้อ', 'ราคาวัสดุ เป็นราคารับหน้าโรงงาน ยังไม่รวมค่าขนส่ง\r\nกรณีเงื่อนไขส่งฟรี เมื่อดำเนินการกรอกที่อยู่จัดส่งแล้ว ทางเจ้าหน้าที่จะติดต่อกลับไปเพื่อแก้ไขราคาค่าขนส่งให้\r\nค่าขนส่งที่ระบบคำนวณอัตโนมัติให้หลังการใส่ที่อยู่ เป็นเพียงการประมาณการเท่านั้น ทางบริษัทขอสงวนสิทธิ์เปลี่ยนแปลงโดยไม่แจ้งให้ทราบล่วงหน้า');
INSERT INTO `core_options` VALUES ('doc_logo', 'Logo ในเอกสาร', 'https://bn1305files.storage.live.com/y4mvIe7_8afjHcCPf92XY_ODuQyQIaWa7gwItZHjNssnJZmDHTZPkjOnevua_1-qNw9FscoPXhNaWZAv4_xvHmTHIIxa4WugMKDIKzbL33loI7prfRlW9lfh-snk7On8wAnprjG1DE35fZh84TrQ33FwCd4indq55Viz49R-xh5wnAQxxJ7nDcydDEPuKqJfFByJBlbtyX-6L22bnUdwcdb6A/IMG_0199.JPG?psid=1&width=2016&height=1309');
INSERT INTO `core_options` VALUES ('how_to_pay', 'วิธีการสั่งซื้อ', '<h1>ตัวอย่างวิธีการสั่งซื้อ</h1><h2><img alt=\"\" src=\"https://storage.dconhub.com/images/5c49d10bd366c.png\" class=\"fr-fic fr-dii\" data-id=\"5c49d10bd366c.png\"><img alt=\"\" src=\"https://storage.dconhub.com/images/5c49d10e0cb8e.png\" class=\"fr-fic fr-dii\" data-id=\"5c49d10e0cb8e.png\"><img alt=\"\" src=\"https://storage.dconhub.com/images/5c49d10cb7b4e.png\" class=\"fr-fic fr-dii\" data-id=\"5c49d10cb7b4e.png\"><img alt=\"\" src=\"https://storage.dconhub.com/images/5c49d10b01855.png\" class=\"fr-fic fr-dii\" data-id=\"5c49d10b01855.png\"></h2><h2>วิธีการสั่งซื้อสินค้า</h2><p>ขั้นตอนการทำรายการสั่งซื้อ<br>ติดต่อสอบถามเพิ่มเติม กรุณาติดต่อ customer service center โทร&nbsp;<strong>02-308-4666</strong> หรือ&nbsp;<a href=\"mailto:ccare@cmart.co.th\" title=\"\">ccare@cmart.co.th</a></p><h3>1. เลือกสินค้าของคุณ</h3><p>คุณสามารถเลือกสินค้าที่คุณต้องการสั่งซื้อโดยการคลิกที่ปุ่ม&nbsp;<strong>&ldquo;หยิบใส่ตะกร้า&rdquo;</strong> หรือ หากคุณต้องการเลือกสินค้าเก็บไว้และชำระเงินภายหลัง ให้คลิกที่ปุ่ม &ldquo;เพิ่มรายการที่ชอบ&rdquo; ซึ่ง ณ ที่นี้ คุณต้องทำการเข้าสู่ระบบก่อน เพื่อที่ระบบจะได้บันทึกสินค้าไว้ใน &ldquo;สินค้าที่สนใจ&rdquo;</p><h3>2. ตรวจสอบหรือแก้ไขรายการสินค้า</h3><p>คุณสามารถทำการตรวจสอบหรือแก้ไขรายการสินค้าที่คุณต้องการสั่งซื้อได้ในหน้า&nbsp;<strong>&ldquo;ตะกร้าของฉัน&quot;</strong> หลังจากนั้นคลิกที่ปุ่ม &ldquo;สั่งซื้อสินค้า&rdquo; เพื่อดำเนินการ การสั่งซื้อสินค้า</p><h3>3. เลือกทำรายการสั่งซื้อสินค้า</h3><p>คุณสามารถเลือกได้ดังนี้<br><br><strong>ทำรายการโดยไม่เป็นสมาชิก:</strong> กรอกข้อมูลการเรียกเก็บเงิน และข้อมูลการจัดส่งสินค้าของคุณ โดยไม่ได้เป็นสมาชิกของ&nbsp;<a href=\"https://www.cmart.co.th/\" title=\"\"><strong>cmart.co.th</strong></a><br><br><strong>ลูกค้าใหม่:</strong> สำหรับการสั่งซื้อครั้งแรก เพียงกรอกข้อมูลการเรียกชำระเงิน และข้อมูลการจัดส่งสินค้าของคุณ โดยเป็นสมาชิกกับ&nbsp;<a href=\"https://www.cmart.co.th/\" title=\"\"><strong>cmart.co.th</strong></a> เพื่อให้ง่ายต่อการสั่งซื้อครั้งต่อไป และสะดวกต่อการติดตามการสั่งซื้อ นอกจากนี้ คุณยังสามารถสั่งซื้อสินค้าโดยเข้าสู่ระบบผ่านทางบัญชี Facebook ของคุณได้ง่ายๆ ทั้งนี้จะได้รับจดหมายข่าวสารและโปรโมชั่นที่ดีที่สุดที่เรามอบให้<br><br><strong>ลูกค้าเก่า:</strong> สำหรับลูกค้าที่เป็นสมาชิกกับ CMART ทำรายการสั่งซื้อผ่านระบบได้ง่ายๆ เพียงแค่เข้าสู่ระบบ โดยกรอกอีเมลและรหัสผ่าน และทำรายการสั่งซื้อโดยไม่ต้องกรอกข้อมูลอื่นๆเพิ่มเติม<br><br></p><h3>4. เลือกวิธีการจัดส่งสินค้า</h3><p>CMART มีตัวเลือกในการจัดส่ง 2 แบบ คือ ส่งแบบด่วน (<strong>Express</strong>) และ ส่งแบบธรรมดา (<strong>Standard</strong>) สำหรับแต่ละวิธีการจัดส่ง จะมีการคำนวณระยะทาง และน้ำหนักของสินค้า จากการยืนยันการสั่งซื้อของคุณ (คุณสามารถอ่านรายละเอียดเพิ่มเติมได้ที่หน้า&nbsp;<a href=\"https://www.cmart.co.th/shipping-policy\">&ldquo;วิธีการจัดส่งสินค้า&rdquo;</a>)</p><h3>5. เลือกวิธีการชำระเงิน</h3><p>คุณสามารถเลือกวิธีการชำระเงินได้หลากหลายวิธี เช่น เก็บเงินปลายทาง บัตรเครดิต/บัตรเดบิต ผ่านทางเคาน์เตอร์เซอร์วิส หรือผ่านทางระบบออนไลน์ ซึ่งมีบริษัท 2C2P เป็น<br>ผู้ดูแลระบบรักษาความปลอดภัย (คุณสามารถอ่านรายละเอียดเพิ่มเติมได้ที่หน้า&nbsp;<a href=\"https://www.cmart.co.th/payment-method\">&ldquo;ช่องทางการชำระเงิน&rdquo;</a>)<br>หากคุณมีรหัสคูปองส่วนลด คุณสามารถนำรหัสส่วนลดระบุในช่อง&nbsp;<strong>&ldquo;ใส่รหัสส่วนลด ถ้ามี&rdquo;</strong> และคลิก&nbsp;<strong>&ldquo;ใช้ส่วนลด&rdquo;<br></strong>และเมื่อคุณพร้อมทำการชำระเงินและสั่งซื้อสินค้า ให้คลิกที่ปุ่ม&nbsp;<strong>&ldquo;ซื้อสินค้า&rdquo;</strong></p><p>&nbsp;</p><h3>6. ยืนยันคำสั่งซื้อสินค้าทางอีเมล</h3><p>เมื่อคุณได้ทำรายการสั่งซื้อสินค้าเรียบร้อยแล้ว<br>คุณจะได้รับอีเมลเพื่อยืนยันคำสั่งซื้อสินค้าของคุณ วิธีการชำระเงินแบบ เรียกเก็บเงินปลายทาง ชำระเงินที่จุดรับสินค้า (Cash on Pick up Point)<br>กรุณาคลิกที่ &ldquo;ลิงค์ยืนยันคำสั่งซื้อ&rdquo; ตามลิงค์ที่แนบมาในอีเมลดังกล่าว<br>ภายใน 24 ชม. หากคุณไม่ดำเนินการ ภายในเวลาที่กำหนด<br>คำสั่งซื้อของคุณ จะถูกยกเลิกโดยอัตโนมัติ&nbsp;</p>');
INSERT INTO `core_options` VALUES ('logo', 'Logo', 'https://storage.dconhub.com/images/dconhub.png');
INSERT INTO `core_options` VALUES ('logo_text', 'Logo Text', 'https://storage.dconhub.com/images/logo_bg.JPG');
INSERT INTO `core_options` VALUES ('order_text_start', ' รหัสตัวหนังสือของใบเสนอราคา', 'QT');
INSERT INTO `core_options` VALUES ('order_txt', 'Order Text', 'BS');
INSERT INTO `core_options` VALUES ('page_about', 'About', '<p>เกี่ยวกับเรา นกน้อยทำรังแต่พอตัว</p><table style=\"width: 100%;\"><tbody><tr><td style=\"width: 50.0000%;\"><div style=\"text-align: center;\"><img src=\"https://storage.dconhub.com/images/5c2f5300dfbbe.jpg\" style=\"width: 300px;\" class=\"fr-fic fr-dib\" data-id=\"5c2f5300dfbbe.jpg\"></div></td><td style=\"width: 50.0000%;\"><span class=\"fr-video fr-fvc fr-dvb fr-draggable\" contenteditable=\"false\" draggable=\"true\"><iframe width=\"560\" height=\"315\" src=\"https://www.youtube.com/embed/-vqdW4IMTnE\" frameborder=\"0\" allowfullscreen=\"\" class=\"fr-draggable\"></iframe></span></td></tr></tbody></table><p>เราขาย <a href=\"http://www.shera.com/\" rel=\"noopener noreferrer\" target=\"_blank\">เฌอร่า</a> และ</p><p><br></p><p><span class=\"fr-emoticon fr-deletable fr-emoticon-img\" style=\"background: url(https://cdnjs.cloudflare.com/ajax/libs/emojione/2.0.1/assets/svg/1f623.svg);\">&nbsp;</span>&nbsp;</p><p><img src=\"https://storage.dconhub.com/images/5c2f54745480c.gif\" style=\"width: 300px;\" class=\"fr-fic fr-fil fr-rounded fr-dii\" data-id=\"5c2f54745480c.gif\">refd</p><p>sdsadsadsadsadsadsadsad</p><p>sadsadsadsadsadsadsadsadsa</p><p>sadsadsadsadsasdsadsadasdasd</p><p>refd</p><p>sdsadsadsadsadsadsadsad</p><p>sadsadsadsadsadsadsadsadsa</p><p>sadsadsadsadsasdsadsadasdasd</p><p>refd</p><p>sdsadsadsadsadsadsadsad</p><p>sadsadsadsadsadsadsadsadsa</p><p>sadsadsadsadsasdsadsadasdasd</p><p>refd</p><p>sdsadsadsadsadsadsadsad</p><p>sadsadsadsadsadsadsadsadsa</p><p>sadsadsadsadsasdsadsadasdasd</p><p><span class=\"fr-video fr-fvc fr-dvb fr-draggable\" contenteditable=\"false\" draggable=\"true\"><iframe width=\"640\" height=\"360\" src=\"https://www.youtube.com/embed/-vqdW4IMTnE?wmode=opaque\" frameborder=\"0\" allowfullscreen=\"\" class=\"fr-draggable\"></iframe></span>&nbsp;</p>');
INSERT INTO `core_options` VALUES ('page_contact', 'Contact', '<p>ติดต่อเรา เราคือใครเอ๋ย ให้ทาย</p><h3><span class=\"fr-video fr-fvc fr-dvb fr-draggable\" contenteditable=\"false\" draggable=\"true\">\r\n');

-- ----------------------------
-- Table structure for file_storage_item
-- ----------------------------
DROP TABLE IF EXISTS `file_storage_item`;
CREATE TABLE `file_storage_item`  (
  `id` int(11) NOT NULL AUTO_INCREMENT,
  `component` varchar(255) CHARACTER SET utf8 COLLATE utf8_unicode_ci NOT NULL,
  `base_url` varchar(1024) CHARACTER SET utf8 COLLATE utf8_unicode_ci NOT NULL,
  `path` varchar(1024) CHARACTER SET utf8 COLLATE utf8_unicode_ci NOT NULL,
  `type` varchar(255) CHARACTER SET utf8 COLLATE utf8_unicode_ci DEFAULT NULL,
  `size` int(11) DEFAULT NULL,
  `name` varchar(255) CHARACTER SET utf8 COLLATE utf8_unicode_ci DEFAULT NULL,
  `upload_ip` varchar(15) CHARACTER SET utf8 COLLATE utf8_unicode_ci DEFAULT NULL,
  `created_at` int(11) NOT NULL,
  PRIMARY KEY (`id`) USING BTREE
) ENGINE = InnoDB AUTO_INCREMENT = 118 CHARACTER SET = utf8 COLLATE = utf8_unicode_ci ROW_FORMAT = Dynamic;

-- ----------------------------
-- Records of file_storage_item
-- ----------------------------
INSERT INTO `file_storage_item` VALUES (106, 'fileStorage', 'http://shop.local/source', '1/HfSgZ0jHjBR0T5af6q5XkXKWyeyEuz7O.png', 'image/png', 3556, 'HfSgZ0jHjBR0T5af6q5XkXKWyeyEuz7O', '::1', 1535699641);
INSERT INTO `file_storage_item` VALUES (107, 'fileStorage', 'http://storage.shop.local/source', '1/OuRcwvxrOLzLzvWR5QBNn6No1vd-2yf5.png', 'image/png', 4679, 'OuRcwvxrOLzLzvWR5QBNn6No1vd-2yf5', '::1', 1535700807);
INSERT INTO `file_storage_item` VALUES (110, 'fileStorage', 'http://storage.exomethai.local/source', '1/FxbtooSVWmIcxSAvrkcYtZACnNSDvlk1.jpg', 'image/jpeg', 210392, 'FxbtooSVWmIcxSAvrkcYtZACnNSDvlk1', '::1', 1562218782);
INSERT INTO `file_storage_item` VALUES (112, 'fileStorage', 'http://storage.exomethai.local/source', '1/8lHe0DJg_oKoIiMUdS06fwasOkLe2lGx.jpg', 'image/jpeg', 223823, '8lHe0DJg_oKoIiMUdS06fwasOkLe2lGx', '::1', 1562230810);
INSERT INTO `file_storage_item` VALUES (113, 'fileStorage', 'http://storage.exomethai.local/source', '1/uCfEs_a84t96Ot6OqYGKGGhHo-ZQAixe.jpg', 'image/jpeg', 176544, 'uCfEs_a84t96Ot6OqYGKGGhHo-ZQAixe', '::1', 1563730622);
INSERT INTO `file_storage_item` VALUES (116, 'fileStorage', 'http://storage.exom.local/source', '1/H3dJrb4HKUeW0QiLrQovDNVg5mRaaUxs.jpg', 'image/jpeg', 63433, 'H3dJrb4HKUeW0QiLrQovDNVg5mRaaUxs', '::1', 1563779072);
INSERT INTO `file_storage_item` VALUES (117, 'fileStorage', 'http://storage.chanpan.local/source', '1/Uc6lM4KiyieX8JGp47yVSxAfHJREKiUV.jpg', 'image/jpeg', 45379, 'Uc6lM4KiyieX8JGp47yVSxAfHJREKiUV', '::1', 1563779324);

-- ----------------------------
-- Table structure for informations
-- ----------------------------
DROP TABLE IF EXISTS `informations`;
CREATE TABLE `informations`  (
  `id` int(11) NOT NULL AUTO_INCREMENT COMMENT 'ID',
  `title` varchar(255) CHARACTER SET utf8 COLLATE utf8_unicode_ci DEFAULT NULL COMMENT 'ไตเติ้ล',
  `detail` varchar(255) CHARACTER SET utf8 COLLATE utf8_unicode_ci DEFAULT NULL COMMENT 'รายละเอียด',
  `image` varchar(255) CHARACTER SET utf8 COLLATE utf8_unicode_ci DEFAULT NULL COMMENT 'รูปขนาดย่อย',
  `rstat` int(1) DEFAULT NULL COMMENT 'สถานะ',
  `create_by` bigint(20) DEFAULT NULL COMMENT 'สร้างโดย',
  `create_date` datetime(0) DEFAULT NULL COMMENT 'สร้างเมื่อ',
  `update_by` bigint(20) DEFAULT NULL COMMENT 'แก้ไขโดย',
  `update_date` datetime(0) DEFAULT NULL COMMENT 'แก้ไขเมื่อ',
  PRIMARY KEY (`id`) USING BTREE
) ENGINE = InnoDB AUTO_INCREMENT = 1 CHARACTER SET = utf8 COLLATE = utf8_unicode_ci ROW_FORMAT = Dynamic;

-- ----------------------------
-- Table structure for menu
-- ----------------------------
DROP TABLE IF EXISTS `menu`;
CREATE TABLE `menu`  (
  `id` int(11) NOT NULL AUTO_INCREMENT,
  `name` varchar(128) CHARACTER SET utf8 COLLATE utf8_general_ci NOT NULL,
  `parent` int(11) DEFAULT NULL,
  `route` varchar(255) CHARACTER SET utf8 COLLATE utf8_general_ci DEFAULT NULL,
  `order` int(11) DEFAULT NULL,
  `data` blob,
  PRIMARY KEY (`id`) USING BTREE,
  INDEX `parent`(`parent`) USING BTREE,
  CONSTRAINT `menu_ibfk_1` FOREIGN KEY (`parent`) REFERENCES `menu` (`id`) ON DELETE SET NULL ON UPDATE CASCADE
) ENGINE = InnoDB AUTO_INCREMENT = 1 CHARACTER SET = utf8 COLLATE = utf8_general_ci ROW_FORMAT = Dynamic;

-- ----------------------------
-- Table structure for migration
-- ----------------------------
DROP TABLE IF EXISTS `migration`;
CREATE TABLE `migration`  (
  `version` varchar(180) CHARACTER SET latin1 COLLATE latin1_swedish_ci NOT NULL,
  `apply_time` int(11) DEFAULT NULL,
  PRIMARY KEY (`version`) USING BTREE
) ENGINE = MyISAM CHARACTER SET = latin1 COLLATE = latin1_swedish_ci ROW_FORMAT = Dynamic;

-- ----------------------------
-- Records of migration
-- ----------------------------
INSERT INTO `migration` VALUES ('m000000_000000_base', 1535696053);
INSERT INTO `migration` VALUES ('m140209_132017_init', 1535696058);
INSERT INTO `migration` VALUES ('m140403_174025_create_account_table', 1535696059);
INSERT INTO `migration` VALUES ('m140504_113157_update_tables', 1535696063);
INSERT INTO `migration` VALUES ('m140504_130429_create_token_table', 1535696064);
INSERT INTO `migration` VALUES ('m140830_171933_fix_ip_field', 1535696065);
INSERT INTO `migration` VALUES ('m140830_172703_change_account_table_name', 1535696065);
INSERT INTO `migration` VALUES ('m141222_110026_update_ip_field', 1535696065);
INSERT INTO `migration` VALUES ('m141222_135246_alter_username_length', 1535696066);
INSERT INTO `migration` VALUES ('m150614_103145_update_social_account_table', 1535696068);
INSERT INTO `migration` VALUES ('m150623_212711_fix_username_notnull', 1535696068);
INSERT INTO `migration` VALUES ('m151218_234654_add_timezone_to_profile', 1535696069);
INSERT INTO `migration` VALUES ('m160929_103127_add_last_login_at_to_user_table', 1535696069);
INSERT INTO `migration` VALUES ('m140602_111327_create_menu_table', 1535696117);
INSERT INTO `migration` VALUES ('m160312_050000_create_user', 1535696117);
INSERT INTO `migration` VALUES ('m140506_102106_rbac_init', 1535696133);
INSERT INTO `migration` VALUES ('m170907_052038_rbac_add_index_on_auth_assignment_user_id', 1535696133);

-- ----------------------------
-- Table structure for options
-- ----------------------------
DROP TABLE IF EXISTS `options`;
CREATE TABLE `options`  (
  `id` int(11) NOT NULL AUTO_INCREMENT COMMENT 'ID',
  `label` varchar(255) CHARACTER SET utf8 COLLATE utf8_unicode_ci NOT NULL COMMENT 'Label',
  `value` longtext CHARACTER SET utf8 COLLATE utf8_unicode_ci COMMENT 'Value',
  PRIMARY KEY (`id`) USING BTREE
) ENGINE = InnoDB AUTO_INCREMENT = 10 CHARACTER SET = utf8 COLLATE = utf8_unicode_ci ROW_FORMAT = Dynamic;

-- ----------------------------
-- Records of options
-- ----------------------------
INSERT INTO `options` VALUES (1, 'about', '<p>ใส่ข้อมูลเกี่ยวกับเราที่นี่</p><p><img src=\"http://storage.chanpan.local/images/5d356b73d425c.jpg\" style=\"width: 300px;\" class=\"fr-fic fr-dib\" data-id=\"5d356b73d425c.jpg\"></p>');
INSERT INTO `options` VALUES (2, 'contact', '<p>ใส่ข้อมูลติดต่อเราที่นี่</p>');
INSERT INTO `options` VALUES (3, 'initial_name_app', 'APP');
INSERT INTO `options` VALUES (4, 'name_app', 'App name\r\n');
INSERT INTO `options` VALUES (5, 'storageUrl', 'http://storage.chanpan.local/');
INSERT INTO `options` VALUES (6, 'home', '<p>ใส่ข้อมูลเกี่ยวกับหน้าหลักที่นี่</p><p><br></p>');
INSERT INTO `options` VALUES (7, 'footer', 'Footer');
INSERT INTO `options` VALUES (9, 'skin', 'skin-yellow-light');

-- ----------------------------
-- Table structure for profile
-- ----------------------------
DROP TABLE IF EXISTS `profile`;
CREATE TABLE `profile`  (
  `user_id` int(11) NOT NULL,
  `name` varchar(255) CHARACTER SET utf8 COLLATE utf8_unicode_ci DEFAULT NULL,
  `public_email` varchar(255) CHARACTER SET utf8 COLLATE utf8_unicode_ci DEFAULT NULL,
  `gravatar_email` varchar(255) CHARACTER SET utf8 COLLATE utf8_unicode_ci DEFAULT NULL,
  `gravatar_id` varchar(32) CHARACTER SET utf8 COLLATE utf8_unicode_ci DEFAULT NULL,
  `location` varchar(255) CHARACTER SET utf8 COLLATE utf8_unicode_ci DEFAULT NULL,
  `website` varchar(255) CHARACTER SET utf8 COLLATE utf8_unicode_ci DEFAULT NULL,
  `bio` text CHARACTER SET utf8 COLLATE utf8_unicode_ci,
  `timezone` varchar(40) CHARACTER SET utf8 COLLATE utf8_unicode_ci DEFAULT NULL,
  `firstname` varchar(100) CHARACTER SET utf8 COLLATE utf8_unicode_ci DEFAULT NULL,
  `lastname` varchar(100) CHARACTER SET utf8 COLLATE utf8_unicode_ci DEFAULT NULL,
  `tel` varchar(10) CHARACTER SET utf8 COLLATE utf8_unicode_ci DEFAULT NULL,
  `avatar_path` varchar(255) CHARACTER SET utf8 COLLATE utf8_unicode_ci DEFAULT NULL,
  `avatar_base_url` varchar(255) CHARACTER SET utf8 COLLATE utf8_unicode_ci DEFAULT NULL,
  `sitecode` varchar(10) CHARACTER SET utf8 COLLATE utf8_unicode_ci DEFAULT NULL,
  PRIMARY KEY (`user_id`) USING BTREE,
  CONSTRAINT `fk_user_profile` FOREIGN KEY (`user_id`) REFERENCES `user` (`id`) ON DELETE CASCADE ON UPDATE RESTRICT
) ENGINE = InnoDB CHARACTER SET = utf8 COLLATE = utf8_unicode_ci ROW_FORMAT = Dynamic;

-- ----------------------------
-- Records of profile
-- ----------------------------
INSERT INTO `profile` VALUES (1, 'nuttaphon chanpan', 'chanpan.nuttaphon1993@gmail.com', 'chanpan.nuttaphon1993@gmail.com', 'd70f6226ff8caba303baede9f0892c0e', '', '', '07/08/1993', NULL, 'nuttaphon', 'chanpan', '0650859480', '1/Uc6lM4KiyieX8JGp47yVSxAfHJREKiUV.jpg', 'http://storage.chanpan.local/source', NULL);
INSERT INTO `profile` VALUES (2, NULL, 'user@gmail.com', 'user@gmail.com', 'cba1f2d695a5ca39ee6f343297a761a4', NULL, NULL, NULL, NULL, NULL, NULL, NULL, NULL, NULL, NULL);
INSERT INTO `profile` VALUES (3, 'user2 user2', 'user2@gmail.com', 'user2@gmail.com', 'fa7c3fcb670a58aa3e90a391ea533c99', NULL, NULL, '', NULL, 'user2', 'user2', ' ', NULL, NULL, NULL);

-- ----------------------------
-- Table structure for skin
-- ----------------------------
DROP TABLE IF EXISTS `skin`;
CREATE TABLE `skin`  (
  `id` int(11) NOT NULL AUTO_INCREMENT,
  `name` varchar(100) CHARACTER SET utf8 COLLATE utf8_unicode_ci DEFAULT NULL,
  `value` varchar(100) CHARACTER SET utf8 COLLATE utf8_unicode_ci DEFAULT NULL,
  `default` int(1) DEFAULT NULL,
  PRIMARY KEY (`id`) USING BTREE
) ENGINE = InnoDB AUTO_INCREMENT = 13 CHARACTER SET = utf8 COLLATE = utf8_unicode_ci ROW_FORMAT = Dynamic;

-- ----------------------------
-- Records of skin
-- ----------------------------
INSERT INTO `skin` VALUES (1, 'Blue', 'skin-blue', NULL);
INSERT INTO `skin` VALUES (2, 'Black', 'skin-black', NULL);
INSERT INTO `skin` VALUES (3, 'Purple', 'skin-purple', NULL);
INSERT INTO `skin` VALUES (4, 'Green', 'skin-green', NULL);
INSERT INTO `skin` VALUES (5, 'Red', 'skin-red', NULL);
INSERT INTO `skin` VALUES (6, 'Yellow', 'skin-yellow', NULL);
INSERT INTO `skin` VALUES (7, 'Blue Light', 'skin-blue-light', NULL);
INSERT INTO `skin` VALUES (8, 'Black Light', 'skin-black-light', NULL);
INSERT INTO `skin` VALUES (9, 'Purple Light', 'skin-purple-light', NULL);
INSERT INTO `skin` VALUES (10, 'Green Light', 'skin-green-light', NULL);
INSERT INTO `skin` VALUES (11, 'Red Light', 'skin-red-light', NULL);
INSERT INTO `skin` VALUES (12, 'Yellow Light', 'skin-yellow-light', 1);

-- ----------------------------
-- Table structure for social_account
-- ----------------------------
DROP TABLE IF EXISTS `social_account`;
CREATE TABLE `social_account`  (
  `id` int(11) NOT NULL AUTO_INCREMENT,
  `user_id` int(11) DEFAULT NULL,
  `provider` varchar(255) CHARACTER SET utf8 COLLATE utf8_unicode_ci NOT NULL,
  `client_id` varchar(255) CHARACTER SET utf8 COLLATE utf8_unicode_ci NOT NULL,
  `data` text CHARACTER SET utf8 COLLATE utf8_unicode_ci,
  `code` varchar(32) CHARACTER SET utf8 COLLATE utf8_unicode_ci DEFAULT NULL,
  `created_at` int(11) DEFAULT NULL,
  `email` varchar(255) CHARACTER SET utf8 COLLATE utf8_unicode_ci DEFAULT NULL,
  `username` varchar(255) CHARACTER SET utf8 COLLATE utf8_unicode_ci DEFAULT NULL,
  PRIMARY KEY (`id`) USING BTREE,
  UNIQUE INDEX `account_unique`(`provider`, `client_id`) USING BTREE,
  UNIQUE INDEX `account_unique_code`(`code`) USING BTREE,
  INDEX `fk_user_account`(`user_id`) USING BTREE,
  CONSTRAINT `fk_user_account` FOREIGN KEY (`user_id`) REFERENCES `user` (`id`) ON DELETE CASCADE ON UPDATE RESTRICT
) ENGINE = InnoDB AUTO_INCREMENT = 1 CHARACTER SET = utf8 COLLATE = utf8_unicode_ci ROW_FORMAT = Dynamic;

-- ----------------------------
-- Table structure for token
-- ----------------------------
DROP TABLE IF EXISTS `token`;
CREATE TABLE `token`  (
  `user_id` int(11) NOT NULL,
  `code` varchar(32) CHARACTER SET utf8 COLLATE utf8_unicode_ci NOT NULL,
  `created_at` int(11) NOT NULL,
  `type` smallint(6) NOT NULL,
  UNIQUE INDEX `token_unique`(`user_id`, `code`, `type`) USING BTREE,
  CONSTRAINT `fk_user_token` FOREIGN KEY (`user_id`) REFERENCES `user` (`id`) ON DELETE CASCADE ON UPDATE RESTRICT
) ENGINE = InnoDB CHARACTER SET = utf8 COLLATE = utf8_unicode_ci ROW_FORMAT = Dynamic;

-- ----------------------------
-- Table structure for user
-- ----------------------------
DROP TABLE IF EXISTS `user`;
CREATE TABLE `user`  (
  `id` int(11) NOT NULL AUTO_INCREMENT,
  `username` varchar(255) CHARACTER SET utf8 COLLATE utf8_unicode_ci NOT NULL,
  `email` varchar(255) CHARACTER SET utf8 COLLATE utf8_unicode_ci NOT NULL,
  `password_hash` varchar(60) CHARACTER SET utf8 COLLATE utf8_unicode_ci NOT NULL,
  `auth_key` varchar(32) CHARACTER SET utf8 COLLATE utf8_unicode_ci NOT NULL,
  `confirmed_at` int(11) DEFAULT NULL,
  `unconfirmed_email` varchar(255) CHARACTER SET utf8 COLLATE utf8_unicode_ci DEFAULT NULL,
  `blocked_at` int(11) DEFAULT NULL,
  `registration_ip` varchar(45) CHARACTER SET utf8 COLLATE utf8_unicode_ci DEFAULT NULL,
  `created_at` int(11) NOT NULL,
  `updated_at` int(11) NOT NULL,
  `flags` int(11) NOT NULL DEFAULT 0,
  `last_login_at` int(11) DEFAULT NULL,
  PRIMARY KEY (`id`) USING BTREE,
  UNIQUE INDEX `user_unique_username`(`username`) USING BTREE,
  UNIQUE INDEX `user_unique_email`(`email`) USING BTREE
) ENGINE = InnoDB AUTO_INCREMENT = 4 CHARACTER SET = utf8 COLLATE = utf8_unicode_ci ROW_FORMAT = Dynamic;

-- ----------------------------
-- Records of user
-- ----------------------------
INSERT INTO `user` VALUES (1, 'admin', 'chanpan.nuttaphon1993@gmail.com', '$2y$12$obnECeQ6R8r.lamu.Kdmo.S2OTh1Dh9TvsvfSpGQfpBChgFs3Tz6K', 'KSwmb0yFT6Jf14f82pSAnAedCN44uzAQ', 1535696234, NULL, NULL, '::1', 1535696234, 1535696234, 0, 1563781973);
INSERT INTO `user` VALUES (2, 'user', 'user@gmail.com', '$2y$12$XQqiA43J1Z9/yIfWc4N9lexmEpDatvryHr15PQ1f1udsM8ipsdldi', 'SIMHVxx-zsO9MyC9gN_ZxsolYakw9_5G', 1562226672, NULL, NULL, '::1', 1562226673, 1562226673, 0, 1562227547);
INSERT INTO `user` VALUES (3, 'user2', 'user2@gmail.com', '$2y$12$DTf.7SbmW8wmbdDBfB70deB6jIFRZrdU094K/VDUOF0d8Td2C0lRe', '_-aO2DARP_wh1gyK_XsE-DASfU5KkWDn', 1562228852, NULL, NULL, '::1', 1562228852, 1562228852, 0, NULL);

SET FOREIGN_KEY_CHECKS = 1;
